0,1
K1,K1a K1b K1c K1d K1e
K2,K2a K2b K2c K2d K2e
K3,K3a K3b K3c K3d K3e
K4,K4a K4b K4c K4d K4e
K5,K5a K5b K5c K5d K5e
K6,K6a K6b K6c K6d K6e
K7,K7a K7b K7c K7d K7e
K8,K8a K8b K8c K8d K8e
K9,K9a K9b K9c K9d K9e
K10,K10a K10b K10c K10d K10e
K11,K11a K11b K11c K11d K11e
K12,K12a K12b K12c K12d K12e
K13,K13a K13b K13c K13d K13e
K14,K14a K14b K14c K14d K14e
K15,K15a K15b K15c K15d K15e
K16,K16a K16b K16c K16d K16e
K17,K17a K17b K17c K17d K17e
K18,K18a K18b K18c K18d K18e
K19,K19a K19b K19c K19d K19e
K20,K20a K20b K20c K20d K20e
K21,K21a K21b K21c K21d K21e
K22,K22a K22b K22c K22d K22e
K23,K23a K23b K23c K23d K23e
K24,K24a K24b K24c K24d K24e
K25,K25a K25b K25c K25d K25e
K26,K26a K26b K26c K26d K26e
K27,K27a K27b K27c K27d K27e
K28,K28a K28b K28c K28d K28e
K29,K29a K29b K29c K29d K29e
K30,K30a K30b K30c K30d K30e
K31,K31a K31b K31c K31d K31e
K32,K32a K32b K32c K32d K32e
K33,K33a K33b K33c K33d K33e
K34,K34a K34b K34c K34d K34e
K35,K35a K35b K35c K35d K35e
K36,K36a K36b K36c K36d K36e
K37,K37a K37b K37c K37d K37e
K38,K38a K38b K38c K38d K38e
K39,K39a K39b K39c K39d K39e
K40,K40a K40b K40c K40d K40e
K41,K41a K41b K41c K41d K41e
K42,K42a K42b K42c K42d K42e
K43,K43a K43b K43c K43d K43e
K44,K44a K44b K44c K44d K44e
K45,K45a K45b K45c K45d K45e
K46,K46a K46b K46c K46d K46e
K47,K47a K47b K47c K47d K47e
K48,K48a K48b K48c K48d K48e
K49,K49a K49b K49c K49d K49e
K50,K50a K50b K50c K50d K50e
K51,K51a K51b K51c K51d K51e
K52,K52a K52b K52c K52d K52e
K53,K53a K53b K53c K53d K53e
K54,K54a K54b K54c K54d K54e
K55,K55a K55b K55c K55d K55e
K56,K56a K56b K56c K56d K56e
K57,K57a K57b K57c K57d K57e
K58,K58a K58b K58c K58d K58e
K59,K59a K59b K59c K59d K59e
K60,K60a K60b K60c K60d K60e
K61,K61a K61b K61c K61d K61e
K62,K62a K62b K62c K62d K62e
K63,K63a K63b K63c K63d K63e
K64,K64a K64b K64c K64d K64e
K65,K65a K65b K65c K65d K65e
K66,K66a K66b K66c K66d K66e
K67,K67a K67b K67c K67d K67e
K68,K68a K68b K68c K68d K68e
K69,K69a K69b K69c K69d K69e
K70,K70a K70b K70c K70d K70e
K71,K71a K71b K71c K71d K71e
K72,K72a K72b K72c K72d K72e
K73,K73a K73b K73c K73d K73e
K74,K74a K74b K74c K74d K74e
K75,K75a K75b K75c K75d K75e
K76,K76a K76b K76c K76d K76e
K77,K77a K77b K77c K77d K77e
K78,K78a K78b K78c K78d K78e
K79,K79a K79b K79c K79d K79e
K80,K80a K80b K80c K80d K80e
K81,K81a K81b K81c K81d K81e
K82,K82a K82b K82c K82d K82e
K83,K83a K83b K83c K83d K83e
K84,K84a K84b K84c K84d K84e
K85,K85a K85b K85c K85d K85e
K86,K86a K86b K86c K86d K86e
K87,K87a K87b K87c K87d K87e
K88,K88a K88b K88c K88d K88e
K89,K89a K89b K89c K89d K89e
K90,K90a K90b K90c K90d K90e
K91,K91a K91b K91c K91d K91e
K92,K92a K92b K92c K92d K92e
K93,K93a K93b K93c K93d K93e
K94,K94a K94b K94c K94d K94e
K95,K95a K95b K95c K95d K95e
K96,K96a K96b K96c K96d K96e
K97,K97a K97b K97c K97d K97e
K98,K98a K98b K98c K98d K98e
K99,K99a K99b K99c K99d K99e
K100,K100a K100b K100c K100d K100e
K101,K101a K101b K101c K101d K101e
K102,K102a K102b K102c K102d K102e
K103,K103a K103b K103c K103d K103e
K104,K104a K104b K104c K104d K104e
K105,K105a K105b K105c K105d K105e
K106,K106a K106b K106c K106d K106e
K107,K107a K107b K107c K107d K107e
K108,K108a K108b K108c K108d K108e
K109,K109a K109b K109c K109d K109e
K110,K110a K110b K110c K110d K110e
K111,K111a K111b K111c K111d K111e
K112,K112a K112b K112c K112d K112e
K113,K113a K113b K113c K113d K113e
K114,K114a K114b K114c K114d K114e
K115,K115a K115b K115c K115d K115e
K116,K116a K116b K116c K116d K116e
K117,K117a K117b K117c K117d K117e
K118,K118a K118b K118c K118d K118e
K119,K119a K119b K119c K119d K119e
K120,K120a K120b K120c K120d K120e
K121,K121a K121b K121c K121d K121e
K122,K122a K122b K122c K122d K122e
K123,K123a K123b K123c K123d K123e
K124,K124a K124b K124c K124d K124e
K125,K125a K125b K125c K125d K125e
K126,K126a K126b K126c K126d K126e
K127,K127a K127b K127c K127d K127e
K128,K128a K128b K128c K128d K128e
K129,K129a K129b K129c K129d K129e
K130,K130a K130b K130c K130d K130e
K131,K131a K131b K131c K131d K131e
K132,K132a K132b K132c K132d K132e
K133,K133a K133b K133c K133d K133e
K134,K134a K134b K134c K134d K134e
K135,K135a K135b K135c K135d K135e
K136,K136a K136b K136c K136d K136e
K137,K137a K137b K137c K137d K137e
K138,K138a K138b K138c K138d K138e
K139,K139a K139b K139c K139d K139e
K140,K140a K140b K140c K140d K140e
K141,K141a K141b K141c K141d K141e
K142,K142a K142b K142c K142d K142e
K143,K143a K143b K143c K143d K143e
K144,K144a K144b K144c K144d K144e
K145,K145a K145b K145c K145d K145e
K146,K146a K146b K146c K146d K146e
K147,K147a K147b K147c K147d K147e
K148,K148a K148b K148c K148d K148e
K149,K149a K149b K149c K149d K149e
K150,K150a K150b K150c K150d K150e